{"cameraMode":{"drawMode":0,"name":"Shaded","section":"Shading Mode"},"sceneLighting":true,"audioPlay":false,"sceneViewState":{"showFog":true,"showMaterialUpdate":false,"showSkybox":true,"showFlares":true,"showImageEffects":true,"showParticleSystems":true},"in2DMode":false,"pivot":{"x":49.1373405456543,"y":-3.1917848587036135,"z":-41.93828582763672},"rotation":{"x":0.020741470158100129,"y":0.8880362510681152,"z":-0.04026736319065094,"w":0.45759278535842898},"size":66.71592712402344,"orthographic":false}